Image,Label
8844,1 5
7348,6
25771,8
15352,3
30156,0
11109,2 4 5
22673,4 6
9224,7
13720,6 7
28363,4 6
864,6 8
15501,3 4
3634,4 6
25692,3
2151,4
10519,4
17238,4 6
27977,9
13267,8
29682,4 5
24130,5
22550,6
30072,2 4
15003,9
13407,4 6
3867,4
19092,6
29005,7
184,6 7
14182,4
10641,2
24437,3 4
294,6 7
23610,6
10481,4
24435,2 5
20263,4
2827,6 7
21996,4
19677,3 4
5899,6 7
19049,2 5
18724,6
5317,1 5
4065,4
26582,1 8
8545,5
29571,0 6
12136,5
10462,6
19453,4
17763,7
22544,6 7
23422,4 6
22143,5
4960,5
13145,4
16171,5
26726,7
2622,4
9207,6
1533,0
8114,4
6544,0
7128,4
6013,6 7
23826,4 6 7
4016,3 4
23920,
30361,4 7
8870,1 4 6
13578,4
1855,4 6
8127,6
14293,2 4 5
29882,
16421,8
25171,3
7480,0
12506,3 4
1272,4
28977,4
30194,4
24710,
23360,4
19372,1 4
21579,2 5
8024,3
3075,8
15134,2 4 5
21891,4 9
23154,4 6 7
4459,
16597,1 6 9
14686,
21375,6 7
22061,2
10786,2 4 5
23687,1 4
6578,0
4440,4 6 7
27852,1
4602,
9186,8
18548,3
30301,0 4
17451,6 7
2849,5 6
21290,4
104,1 5
25329,4 7
13123,4 6 9
30278,0
26979,6 7
29613,8
9639,4 6
13680,6 7
4753,2 4
7756,6 7
30818,4 7
17734,4 9
19670,
3782,4 6
7275,4
2101,1 4
1079,2 4
31046,1 5 7
29183,4 6 7
4325,1 6
6410,6 7
7845,4 8
16610,4 6
4752,3
710,4
24775,3
22532,4 6
15100,4 7
8030,6
9270,4
10240,6 7
7163,2 4
21654,4 6 7
14193,0
19328,1 4
24291,6 7
19155,4
13008,7
1331,1
12878,4 6 7
14271,4
10538,6 7
21966,2
24412,4 6 7
30922,9
29746,3 8
6505,4 6
26078,4
8785,6
1638,1
12679,9
23798,3
27849,3
11848,1 4
12665,
26451,0
2436,4 6
9292,2 5
6334,6
5373,6 7
14935,0 6
16211,
11381,4
23779,0
19205,
3250,6 7
7168,4 6
28265,2 4
23912,4
23502,3 4
28796,4 7
20104,0
4471,8
30010,4 7
18596,4
16904,6
17175,2 5
24343,4 6
17176,2 4
3527,3 8
2424,2 6
9067,6
6101,1
12781,4
28898,6 7
24992,
10495,4 6
17841,3
28727,0
26632,4 6
5023,4 7
11477,7
18,3
4458,2 4 5
27770,4
24997,7
2133,1 6
16704,1 5
26142,4
5126,9
1649,6 7
3990,0 6
21799,4
2213,4
22303,4 6
27322,4 6 7
6057,6
13013,0
9255,3
26058,2 4 5
30282,7
16580,4 8
26404,4 7
26484,4 6 7
1681,6
23201,4 6
30275,6
26959,4
19976,7
20679,6
8814,4 6
2029,7
14975,4
19375,0 4
23621,7
15904,3
4233,6
26105,0
20194,2 4
25454,4 6
12020,0 4 9
20702,3
17312,2 5
13853,4 6
12478,4
24748,0 6
16104,7
19995,4 6 7
30832,4
11337,0
18854,4 9
15768,4 6
26064,4 6
8105,1
9910,
27616,6
2256,
29219,4
29251,6 7
30089,
13376,4 6 7
4450,6 7
2192,4 5
10494,8
21864,3 7
27706,2 4
29916,
1102,
14583,4
2240,3 4
18383,5
24081,6 7
5436,6 7
17638,4
29577,4 6
3760,6 7 9
26646,6 7
12421,4 7
10208,4
6360,2 5
17610,2
14968,4
26129,6 7
8883,4
8387,5
21522,
63,2
20551,4
14062,6 7
22870,3
30909,2 4 5
15431,4 6
3521,4 6 7
28639,6
17813,2
28000,
28038,6 7
6654,4
30312,
24335,4
14557,0 6
21300,3
27863,2 4 5 6
16026,2 5
344,6
2373,4 6 7
23018,4
24911,2 4 6
21553,3 8
21636,2
6706,1
14678,4
14777,4
15182,
4881,4 6 7
14407,4 7
24484,6
17561,9
20877,2 4
15396,7
10407,4 6
29465,2 5
11421,6
29864,4 6
10384,3
2842,5
25349,
12378,9
11437,6
12674,2 5
22219,0
3500,4
19570,4
13940,6
30780,4
245,4 6
17695,4
6776,3 8
30313,4 6
5756,6 7
23748,
8996,6
7994,4 6
30722,6 7
26868,4
18990,4 6
5403,4
4851,0
962,3
17372,4 9
7786,4 5
29338,4
10408,4 6
8107,4
2445,2 5
13542,8
9285,1
26899,4 6
13285,9
10480,5 6
10141,
6605,4
12307,6
30292,4
3766,4 6
18228,4 6
741,6 7
19058,6
26909,2 5
9589,4 6
20259,2 5 6
18442,4
20367,3
24644,2 4
12139,2 4
3331,3 4
5072,6
15058,0
11131,4
11842,4
13549,
29674,4 9
17649,4
16681,5
5848,4
16875,4
15696,4 7
7240,8
19977,3
11138,4
28972,1 5
26108,6 7
9416,4
3441,4
16242,4 9
30304,1 6
26171,3
16020,3
26467,6 7
25640,6
19781,0
15596,4
26874,
12993,6 9
29792,2 4
2518,
19732,2 5
25465,6 7
27079,0
10544,4 6
20919,4 6 7
13345,3
4887,2 5 6
11698,4 6
4073,4 7
2291,4
11601,4 7
22239,4 6 7
3618,2 4
23989,1
24780,7
23100,7
12850,1
25882,4 9
23150,1
21622,
16205,4 6
8244,4 6
30860,6
19294,0
23633,0
19532,2 4 5
22192,0 4
9618,6 8
9365,4 7 9
17963,4 6
6545,
17559,2 5 6 7
12476,0 4 6
21813,1 5 6
533,4
24670,6
26298,3
12230,6
6849,6 7
8015,1 4
21022,2 4
30560,1 9
4632,0
6824,4
16475,6 7
15761,4
4846,6 7
1661,3 4
24128,4
7284,
11002,3 8
14166,6 7
28208,1
6560,2 4 6
22531,5
20436,2 5
23557,4
25842,0 3
11255,6
11045,4
13679,4
15864,1
8699,6 7
27713,4 6
18559,0
30107,4
24895,4 6 7
12804,9
19194,4 6 7
19946,4
15101,4
6359,2 4
7803,3 4
14853,4
13310,0 6
12080,4
12340,6 7
23655,4
28688,4
6889,6
9228,4 9
4206,6
14802,2 5
18569,6 7
7238,6
5716,4
20976,0
13131,4
1774,4
12362,0
26584,2 4
30736,4
26165,0
25138,4
23053,2 4
29140,6 7
27793,4 6
1453,6
9088,6 7
22811,6 7
18811,1 5
4274,
20646,7 9
8712,6 7
7133,4
29526,6
3881,4
7074,2 5
15848,7
3263,0
20841,8
27859,3
6196,9
22539,1 4 6 7
23538,4
10500,1 4 5
1654,5 6
4216,7
21916,5 6
107,6
19264,4 6
2903,3 4
14107,4 6
906,4
17742,4 6
21693,4 6
13041,6
29925,3
30523,6 7
23136,6
22726,7
9115,4 6
10889,7
5481,6 7
15017,6 7
12071,4 6
17531,4
6485,4
23688,7
9335,4
25745,
19767,4 6 7
10980,6 7
26915,4 6
586,2
29300,7
2273,0
25378,4 6 7
20160,7
7280,0
22596,3 8
21518,2 5
27575,0 7
21878,
15119,1 4
26792,2 4 6
17273,4
2392,4 7 9
6930,4
26707,0 4 6
98,0
6172,9
19079,4 7
4987,6
26190,4 6
3217,9
11294,0 6
2159,5
6407,1 4
266,6
1153,4 7
17281,4
5136,4
24824,4 6
27203,4
3458,1 5
11378,4 6
27611,6 7
2010,7
24536,0 2
8705,4
2921,5 8
19966,6
17199,1 8
26732,2 5
27479,8
30682,4
1580,4
4822,0
7036,6 7
5993,6
31018,5 6
26380,4
13453,4
30823,6
16255,6 9
29269,6
890,4 6
20400,4 6
16715,4 7
8800,4 6
27232,4 6 7
10895,4 6
29202,4 6
7594,2 4 6
4519,0
4335,4
7104,4
22224,4
9593,3
22101,6 7
7113,2
29436,2 5
20729,0
16188,6 7
11623,6
997,4 6
30752,1
21000,2 5
24194,4
28567,1
23878,9
27501,0
3833,4 9
3767,2 5
14270,4
11404,3
22928,4
5604,5
15245,
23346,0
4547,3
29676,3
11778,7
10616,6 7
14610,7
2431,0 7
12701,6
15031,
28089,6
5489,0
6401,5
16707,4
18890,4 6
16460,
22336,4 6
794,2 4
12047,7
16545,4
19081,
17733,6 7
28744,4 9
17699,4 6 7
15767,6 7
8272,3
8279,6 7
3039,6
6973,4
2959,6
21052,4
26433,8
11905,0
2968,5
21933,6
4607,1
26282,0
309,4
18120,2 4
19632,5
25226,4 6
18791,2 4 6
18474,
22725,4 6
29146,0 2 5
14966,4
759,4 7
29967,4
10712,4
21178,4
21761,4 6
22397,1 9
19846,2 4
11663,6
18022,3
15250,4 7
29914,3 4
20895,7
18136,4 7
26597,5
28962,2 5
2109,0
10224,0
3268,6 7
20535,4
787,0
2974,3
4502,6 9
16908,4
19498,2
24279,9
30078,4
19556,2 4
10392,4 6 7
7693,2
15116,2 5
5562,4 7
30212,6
30102,
16579,6 9
20092,4
26951,4 6
11142,6
2984,2 4 5
16100,4 9
21233,8
6871,2
9575,4
29966,1 4
23220,5
24530,2 4
23156,4
11460,0 6
5984,8
13130,1
12990,4 6 7
11839,4
15979,4
19828,4
5395,2 4
28608,2 5
7306,6 7
10529,0
45,0
18869,4
9280,4 7
18470,
18119,1 8
26700,
31006,7
17463,4 7
1306,5
12991,4 6
470,3 4
10185,3 4
15430,1 6
25754,
12067,4 6
4342,4 6 7
24858,6
2037,4
6971,
26602,2 5
18062,0 3
20289,4 9
15734,1 4 6
23909,4 6
29375,4
30535,3 4
26942,4 7
22891,4 6
25132,6 7
28113,4 6
27929,3 4
4263,9
8152,4
2681,4
10150,4
26407,3 4
22197,4 6 7
25871,4 8
22250,4 6
408,7
8221,9
11200,4 6
17621,2 5
26456,6 7
3791,0
4271,5
5912,4
30498,4 6
877,2
17926,7
8147,5
12254,6
28294,4
7988,4 6
28600,0 4
22855,4
24630,1 4
29073,4 6
94,4
26065,6 9
10636,4
8710,6 7
2156,6
23780,6
15261,4
28545,0
706,4 6 7
6712,4
10035,4 6
7,6
23692,4
6437,4
19915,4 6
19394,6
29218,4 6
5423,3 4
16273,0
11108,0 3
18720,0
17859,4
903,0 6
14466,8
6624,1
25987,4 6
18524,6
3137,4 6
7478,4 9
21344,1 4
22171,3 4
6405,4 7
29039,8
15486,4 6
28200,5
8291,9
23512,4
4013,
18418,6
8711,0 6
17995,0
17895,4
27006,4 6
11649,4 5
29804,0 2
3892,4 6
9254,4 6
1339,6 7
23511,
29356,4 6
19488,4
30591,2 7
12796,4 6
10575,4
4366,4 6 7
25086,4 6
16032,4
19972,2 5
21481,2 4 5
27065,
11773,4
11210,4
3738,7
16284,6
10835,4 6 7
13324,1 7
19506,4 6
13532,6
9844,5
15952,4 6
29080,4
10444,1 4
20897,4
6222,4
5833,4 6 7
5585,7
24887,4
16961,
15938,7
7331,4
24337,4 6
18005,2 4
20687,5
27762,4 7
797,4 6 9
256,4
10040,4
15570,4 7
14856,7
29095,8
17214,0
28522,4 6
19879,4 6
26588,4 6
21246,6 7
28355,7
19813,1 5
15452,4
26523,4 6 7
26038,4
13078,2 4 6
19440,6 7
15786,7
1278,
12731,1 5
15601,4 6
13697,0 4 6
2946,
12869,4
17098,2 5 6 9
4899,4
30786,4 9
19288,4
16474,2 4
25549,5 6
22107,0
30064,6
8726,2 4 6
14931,9
15978,6 7
19663,4
6736,4 6
23315,4
9106,0
21588,2 4 6
24441,2 4 5
11025,4
13233,0 4
3490,4
4059,4 6 7
27830,3
29695,4 7
21358,9
19661,7
798,6 7
11029,4
29650,3
23560,0 1
10681,0 4
6292,1 5
1848,
20084,6
2036,4
13820,4
9566,4 6
15491,4 9
15782,
12120,9
627,4
21335,1 5
13170,0
30797,7
27918,5
30372,1 6
29357,2 4
21985,0
25040,0
3763,6
11683,6 9
5022,4
15460,6
11549,4 7
25004,1 8
7997,4 6
2319,4
7512,4 6
15311,0 2 4
17914,3
17369,4 7
9377,4
4481,4
12074,6
29030,3
20240,6 7
5496,3
9735,4 6
17302,2 4
26908,3
1077,2
28713,6
1854,9
4228,4 6 7
1310,2 5
14294,5
14183,4
28674,6
8572,4 7
5808,4
23751,4 6 7
30709,4
16186,4
18531,4 6
1883,2 4
21258,1 4
26871,4 6
24355,6 7
19107,4 6 7
26543,4
26272,4 9
21283,4
10380,6 7
16029,4 6 7
1381,0 4
13846,5
15878,4 7
1019,
17447,6
12526,
16783,0
13605,4 9
805,4
29404,3 4
24993,6 7
2542,4 9
10309,4
20171,0
27797,4
14822,1 4
7732,5
25315,3 4
866,3
25998,0
24805,6
18074,6
3203,2 6
4078,4 7
26688,2 3 4
18245,5
22023,
23166,
2439,4 6
17136,4 6
21208,4
17502,2 5
19484,3
2223,6
8318,4 6
19605,
28883,
3902,6
20325,4 6
322,2 4 5
29956,6 7
12718,
12545,
22678,4
6053,3 4
26037,3 4
25394,4
26132,3 4
28062,3 8
18602,4 7
14969,6 7
15926,3
10877,0 4
5941,6
20817,0
8428,1 5 7 8
4055,5 6 8
24684,4
2593,6
29393,4 7
1312,4
17829,4
14818,4
21658,5
15892,5
24520,4
27888,
28896,7
9780,1
7416,
11906,0 5 6
8158,2 5
5842,1 4 6 7
24387,4
14202,9
10386,4 6
27659,6
2724,0
22184,4
24655,0 6
25429,4 6
29823,4 6
17170,6
19874,4 9
23936,1 5 6
10508,6
22141,4
25922,4 6 7
2607,3
19481,4
29418,1 5 6
12102,7
9645,1 4
19066,6 7
2898,4 6
2462,4
10642,6
11124,4
5409,7
5215,2 5
3396,9
24002,4 6 7
5086,4 6
16113,3
13611,0
18642,4 9
25083,4 6 7
25062,8
3706,6
26717,0
23184,7
29665,1 5
19686,0
13667,4 6
13069,0 4
22446,1 4 6
11972,3 4 6
9591,0 4
9152,4
3400,4 6
7323,4
11061,4 6 7
22911,6 7
8776,3 8
11452,4
5752,4
27366,4 6
30453,6
22144,0 3
22768,6
8001,6 7
1728,4
5031,6
29170,3
31007,3 4
3827,4 6
10913,3
2275,1 5
6467,1
18730,4
23442,6 7
10621,4 6
18254,6
12205,3 4
25809,6 7
2649,6
28290,7
9123,6
624,4 6 7
8892,6
5183,4 7
13584,3
21605,2 4 5
12214,7
18955,0 6
13438,6 7
2304,6 7
22730,6 7
20144,8
28012,0 3 4
6825,8
13657,
7696,4
19149,6 7
26213,4
22139,1 4 6
9972,4 6 7
13725,9
12089,6 7
15673,4
301,4 6
7829,5 9
20235,4
13819,7
27398,4 5
635,0
19822,3
11564,1 4
27600,6
10116,4
2136,4 6
20245,
20196,4 9
18485,4
23425,4
24697,0 2
15724,4
21648,1 9
1956,0
12079,
19443,0
15830,6
2942,4 7
13528,0
16418,6
14592,4 6
1814,4
25014,6 7
28543,4 6
21264,4 7
23562,6
2929,0
19293,4 7
16909,6
27559,3 4
19752,9
3585,4
6696,6
9078,6 7
12441,2 4
22373,9
30679,3
8084,
2463,1
16963,4
28390,1
7011,6 7
25736,6 7
8193,0 6
26953,1 5
6866,4 6
22392,4 6
1737,4 6
24880,4 6 7
10261,
14663,4
29874,
24838,2
22563,4 6 7
26710,3
10153,6 7
24743,6 7
6751,4
24597,4
25676,6 7
2790,4 6 7
9317,0 4 6
30995,
5032,1 4 5
27652,4 6
4769,6 7
25008,4 7
6149,4 6
8076,7
1174,2 5
17007,4
19706,4 6
8809,6
16038,4
19235,4 7
5107,8
7141,4 6
6719,4 6
947,4
8163,8
16148,4
8474,1 4
22350,0 4
4926,6
23568,8
12773,9
13022,0
7450,4
19483,4
21612,0 4
25926,2 4 5
28462,4
25158,4 9
12527,1 9
27435,4 9
16925,5 6
26331,6
921,
9588,4 6
25693,1 5
4355,0
4620,9
9605,7
12535,4
24067,6
19482,0
11681,6
13206,8
28573,1 4
23259,3
16086,2 5
29450,
30853,
30495,6 7
12548,4
4214,1 4
30970,2 5 7
989,5
12007,6 7
18295,3 8
20540,9
1870,0 4
27819,6 7
29764,4
15403,2
16395,6
1154,2 5
7191,6
6785,9
4077,6
29880,4 7
13672,0
10144,4
471,4 6
8374,3 4
10769,2 5 6
880,9
18143,4 6
18848,4
28433,6
4210,3 4
13477,7
16082,3 4
28383,4
21554,4 6 7
14564,6 7
23859,0 2 4 5
18113,4 6
27465,6
23761,4 6
10346,4 6
6587,4
5734,0
20015,4
2901,4 6 7
27847,6
1164,
17801,4 9
20237,6 7
13379,3 4
13418,7
21865,6
19400,9
16112,3
30763,6 7
9895,0 7
16103,4 6
3387,4 6
26611,4
29085,0
21780,2 5 6
8060,6
23373,4
1531,4
24098,4 6
5311,3
14089,4
505,3 6
8771,4 6
4564,4 6
15474,4
1913,5
27621,6
18499,5 6 8
24628,
7679,6
17479,4 7
5042,0
27486,6
17268,2 5
6633,1 6
9485,4 6 7 9
24109,3 6
25828,
3941,6 7
19093,2
5746,7
25239,4
12763,4
25380,6
4540,4
14624,6
30158,7
19811,9
25056,4 6
19151,0 2 4
10079,6 7
3772,4
13665,7
29158,4
15678,0 6
3829,4 6
11847,6
24539,4 6
26115,0
11480,4
7000,8
10325,4
15045,4
18585,9
2242,4
30697,4
17229,4
22515,4 6
26342,6
12557,4 6 7
13803,3
1979,4
8666,9
2312,6 7
18706,6
21958,4
21735,4 6
30146,0
28978,6 7 8
23169,6
10580,6
3053,3 4
19416,6 7
12952,0
11650,6
21535,6 9
25423,2 5
20051,7
1391,4
23818,6 7
11593,1 4
22211,4 6
17396,4
30437,4 6 7
12619,7 9
8140,8
13779,4
22116,6
30890,2 4 5
22877,2 6
24799,4
10491,9
19127,4
9126,0
4786,6
22653,4
25494,4 6
24900,1 4 6
18603,4
23741,4 6
9128,6
5902,8
12091,4
27608,1 8
210,6
6933,3
25732,4 7
8252,3 4
23225,0
14814,4 6 7
17082,6
19873,6 7
27413,4 7
27562,
5524,4
3745,2 4
13756,4 6 7
6844,
27308,2
21957,4
19624,4
7560,1
19954,9
16449,4
1348,2 5
23765,4 9
3658,6 8
11937,2
14882,9
25118,4
551,3 8
27416,4
6245,6 7
13004,3 4
12445,6
28050,4
2729,6 7
3586,0
2769,2 6
26933,6 7
25484,6
22117,4 6
9304,5 9
30087,3
10950,0
12484,6
25246,0
31059,4 6
23060,2
23321,0 3
12647,6 7
8418,4
19771,4
20244,4 6
25839,4
5276,8
30121,4
3147,0
3819,4 6
23733,4 6
2260,6 7
2212,1 4 6 7
886,0
27995,4
9783,2 4 5
30233,7
5221,4
15704,2 5
15762,0
16264,4
11079,4
20052,3
2039,2 4
6253,6
4948,6 8
4790,3
11424,3 4
15680,4 6
24367,4
19887,6 7 9
20944,0
27043,3 4
7982,4 5
8502,1 4
3496,7
607,4
7431,3
19951,2 4 7
22802,4 6 7
3923,2 4
13154,4
18746,4 6
7738,4 6
30625,6
29670,7
9766,3 4
17846,4
2492,6 8
16599,4 6
25055,2 4
13728,2 4
247,4 9
3102,1 8
10326,4 6 7
15185,4 6
5732,4
2515,8
27590,4 6
3022,4 6
898,4
9400,9
20482,4 6
20433,6
15139,4
26197,5 9
25198,3
7309,4
1546,4
2990,4
17744,4
8843,1 5
26794,4 9
7263,4 6
1386,4 7
5179,4 9
19455,6
24624,0
30573,4
12422,4 6
28923,7
10117,4
22901,4 6 7
4095,7
21134,4 6
12694,6 7
14953,6 7
9688,4 6
15652,6 7
9258,3 4
28297,6 7
26258,8
26134,4 6 7
14435,7
10836,4
5084,4 6
15857,1
265,6
9660,0 2 4
14531,0
14816,7
23292,4 6
24309,4 6
25000,4 9
19018,4 6
17957,8
7136,6
18396,6
2148,4 6
25208,4
4874,6 7
3874,1 5
30564,4 6
10730,5
16602,4
5151,3 4
28073,6 7
11540,4 7
4967,4 6
12890,7
25533,2 4
11507,4
5825,4
2214,4
1058,6
20377,
15900,6 7
7891,2
27734,9
13164,0
14784,2 5
173,6 7
21399,4 6 7
27496,0
20086,4 6
25125,4 5
21793,7
23678,4
13694,4
16757,4 6 7
24208,4 6
10918,8
18581,4 7
3060,4
14125,9
28270,
13772,0
17316,0 5
22431,0 6
7659,4
17633,1 4
675,4 6
21018,7
17005,
23739,4 6 7
1817,4 7
8415,2 4 5
21024,7
2413,8
12290,6
26904,6
1258,4 6
16263,6
994,6 7
22310,9
12835,1 6 7
3816,6 7
30389,4 6 7
24663,4
29807,6
1320,9
30400,4
7307,3 4
11133,2 4
29971,0
13764,6 7
2465,4
14370,4
13864,6 7
8243,4 6
17935,4 6
11070,6
26534,2 4 5
6167,4
27047,3 4
7338,3 4
26475,6 7
26560,4 6
23730,4
20250,
3635,1 5
7490,6 7
25708,4 6
23665,4 6 7
8215,4 6 7
15816,4
3464,4 6 7
11166,4 6 7
25094,4 9
1840,6 7
22281,4 7
28225,4 7
30226,6 7
16726,4
27374,4 7
19596,0
347,4
20390,6
6782,4 6 7
24885,4 6
13813,4 7
19126,3
11908,4 7
13462,3
3108,2 4 5
4520,2
9882,5
3481,6
27558,4 6
26983,4 9
13911,7
24276,4 6
25048,4
10024,4 6 8
7205,6 7
20096,4
20421,3
8008,4 6
18083,4
5132,4
13037,4 9
11348,3 4
24942,0
12698,9
20003,4 6
13870,4
22994,6 7
8908,4
7766,6 7
15222,4 6 7
27925,2 4 5
28891,1 5
11419,9
22823,7 9
22546,4
18656,4 6
6721,3 6
16196,
17724,1 4 8
28275,4 9
24350,4
12834,4
24469,4
4454,3
26635,
29261,6
22329,4
3475,9
23402,2 5 6
23420,4
4442,4
24224,4 6
16063,4
2033,0 4
22922,0
16291,4 6 7
5945,4
6246,2 4
17709,4 6
25296,1 4
19853,9
21770,0 4
27548,4
16928,5
17516,6
5277,3 4
26551,3 4
8530,2 4
24570,4 6
2201,1 4
8673,4
19578,4 6 7
13476,6
12159,4 7
10516,4
13736,4 6
9163,4 7
28789,3 4
11290,
1879,1 9
29644,0
17577,3
2738,9
19798,7
8555,4 6 7
24154,6 7
5696,4
15177,5
7828,1
24447,
18336,0 6
16664,0
3689,4
23047,3 4
8664,2 5
10511,4 6
5647,7
29930,6
10966,
18615,7
22689,4
3746,1 4
6427,2 4
18473,4
15744,4 6 7
18461,4 7
17321,6
28984,2 5 6
11910,4
9568,4 6
18815,4 6
9197,6
7834,4
6036,4
12238,4
3052,0
23382,4 6 7
3165,4 5 6
17275,8
18446,
3842,2 5
21876,6 7
7757,
811,2 6
24322,1 6
16430,6 9
23698,4
7466,4 7
24807,2 4
5531,6
14907,3 4
9845,6 7
18138,4
21112,
8808,2
5500,4
20190,9
24605,4 7
25345,6
23412,4
2495,7
21190,1 7
4462,4 5
6632,6
307,6
26470,8
14382,1 4
13260,6 9
27027,8
30579,6 7
16419,2 5
28101,1 6
22541,6 7
20693,6
9288,3
10103,4 6
5881,9
28509,7
28501,4 7
7229,4 7
18308,4 6
30346,4 7
28189,4
28827,4 6 7
21036,5
12030,6
23431,4
25449,6 8
5482,4
10958,5
18814,
18199,3
18271,2 6
10314,4 6
8341,4
5338,2 5
19377,0
24176,4
23963,9
19263,4
3893,6 7
6170,4 7
1289,4 5
30612,5
4464,4 9
11366,2
3382,0
20665,4 6
1564,0 4
24822,6 7
13670,5
14328,
27331,3
4029,4
29280,4 7
12170,1 5
11914,4
17468,6
20346,4
11078,3 4
22059,4 7
3930,6 7
24084,9
673,4 6
17883,4 6 7
330,3 4
11727,4
18655,
18353,
25580,
26957,7
27792,9
3870,6 7
23607,4 6
78,4
15827,6
20183,3
19754,2 7
10160,4
26721,6
6210,6 7
12896,4 6 7
26793,4 6
1080,
30485,4
18103,6
15605,6 7
23345,
26329,9
29809,6 7
2025,4 6
26227,6 7
20699,
21456,4
636,4 6
12807,0 3 4
8204,
3016,7 8
18635,1 9
1603,4
26245,4 6
17887,4 6 7
1643,4
16496,3
3241,4
21909,4
28779,4
9097,0 6
16864,4
27526,4 6 7
15718,3
14251,1
12880,4 6
13189,1 4
18328,4
15714,6 7
30021,0
9946,2 4 5
2983,3 4
4042,4 5
7940,4
1187,1 6
8562,4 6
18118,4 6
2302,6
9643,8
12265,6 7
25899,4 6
12335,
6604,3
11962,9
4252,2 4
14736,0
1108,9
29354,6 7
5837,3 4
2668,2
22495,1
3852,4
14842,4 6
24961,2 4 5
27798,0 4 6
2947,6 7
4560,2 4 6
11775,3 4
29001,2 4 5
27875,3
18771,8
4048,6
27684,0
22697,3
27824,4 9
23645,4 6 7
17394,1 4
8003,9
24374,4
7807,5
19729,5 6
28196,6 7
19302,0
12453,4
20872,4 6
67,4
19230,4 6
20191,4
1553,4
5843,6 7
20954,4
7810,6
11420,3
1145,4
28096,4
16499,6
18376,
6331,4
26679,2 6 7
7085,6
8626,4
663,6 7
10658,6
15636,4 7
21360,4
18055,1
24695,0 6
18215,7
10451,2 4
5975,4
17817,4
7875,4
13784,
22710,4
12901,4
30486,9
19607,4
29681,9
5689,4 7
6350,4
3153,4 6
19962,4 6 9
11974,4
26748,2 4
5578,4 6 7
2813,6
24221,
21939,3
19350,4
21203,2 6
8659,4 6
1835,6 7
6848,4 9
20317,6
21275,4
3968,6 7
28715,6
28249,0 2
7273,3 4
9888,4 6
21867,9
17704,2 4
20142,6
9038,4
6704,2 4
12218,1
16959,0 4
26330,6 7
23371,4
22921,4
6904,4 6
27073,6 7
22258,1
11067,4 7
29841,6
26289,3 4
11942,9
7319,4
19756,4
30845,4 6 7
19388,4 6
2535,1 4 6
995,4
9056,0
18652,2 4
27117,0
15286,4
13314,
8028,4
24652,8
948,4 6
20227,4
7060,4
27350,4 9
9849,4 6
21779,6
1682,4 6 7
26965,4
1594,6 9
23277,4 6
10356,6
29166,4 6
30524,4 7
6870,6
4249,6 7 9
2626,6
1427,5
26482,6
24003,
30002,4 9
8891,3 4
12828,3 4
13807,3
3254,6
11795,4
2682,6 7
23463,1 5 6
4689,4 6
28163,6 7
28004,4 6 7
3919,6 7
10311,
18978,3 8
2837,1 4
3883,6
7831,4 6
19477,5 9
1403,4 6
1685,4
11073,9
227,6 7
24220,4 6
11461,4
16691,6
7470,0 3
5341,0 2
30635,4
11063,4
10235,3
13809,9
26234,4
24173,4 6
27134,4
26442,6
3873,4
27135,6 7
2826,4
24184,4
30039,4 6
29493,8
16238,0 4 6
20313,4 6
8732,8
28630,9
9264,6
13490,2 4
27597,0
9150,4
18173,1 4
7601,
3084,1 6
8825,4 6
2097,6
17751,9
17342,6
17012,6 7
672,6
22279,9
29585,4 6
28746,7
30362,6 7
20322,6
20881,2 4
30754,
30582,6 8
25146,4 6
14232,5
9096,3
28966,9
17892,4
24637,4
21928,4
4326,0
27008,4
1355,4
19564,4 6
26211,1 6
18993,6 7
9169,4
7662,0
16206,6 7
29854,4 6 7
26982,6 7
29167,6
29601,9
17344,7
22288,4 6
18717,
610,4 6
20193,4
21981,4 6
29270,4 6 7
11713,0
12475,4 6
23552,6 7
14625,4
1429,8
31047,4
6029,5
16814,4
9587,4 9
18528,4
24814,4
4614,6 7
2237,1 4
7030,3 4
27717,1 5
20824,2 6 7
15443,0
28437,2
1227,3
27975,4
15464,4 6 7
10113,7
10931,8
25954,1 4
29881,8
22579,4
24312,6 7
20901,0
19191,4 6 9
27716,4 9
22455,4 6
5025,4
2338,4
22123,4 7
29869,0
21855,6
12851,4 6
11497,3 4
5708,1
19457,6
10631,0 4
26398,6
18301,0
21209,6 7
20071,4 6 7
19573,4 6 7
28408,9
6495,3
18131,3
5108,4
30,4
21461,7
29661,0 1
21615,1 5
18116,4 9
17532,4 6
17132,3 8
8121,6 7
11385,6
13669,5
16849,6
24995,4 9
28584,1 5 6
2499,5
7002,4
22493,6
5011,4 6
3133,6
10771,4
16934,6 9
17332,4 6
11666,6 7
20172,2
17026,
9215,4 6
3707,7
1610,4 6
6852,4
27399,2 4 5
20586,0
9297,2 6
9231,6 9
22263,0 4
15466,2 3 4
18141,4 7
23319,4 6
28221,6 7
19473,4
23527,7
25546,3 6
11358,4
23072,2 5
3864,4 6 7
10247,4
15272,4
14520,2
5157,
9488,0 4
30848,4
1629,6 7
27127,1 4
17030,4
5302,0
3348,2
7851,4
2995,4
22432,6 9
2287,4 6 7
1747,0 4
24980,7
17700,6 7
27175,0
23444,3
17898,4 6
23994,9
21072,6
5714,6
25281,6
9799,4 6
15228,2 4
18489,4 9
17625,4 9
27269,6
8631,0
11520,4
4358,6
16513,4 6 7
24923,4
30057,4 6
14430,5
13928,6
25245,6 7
17872,4
30065,4 6 7
26891,1
26594,4
15778,0 6
23609,1 7
6154,4
3011,7
7417,4
21576,4
22565,7
23803,6
10904,9
26623,4
3895,6 7
16725,2
7842,2 5
7157,0 4
4114,0
19650,4
3702,4
9148,6
30225,0
126,4 6
9753,4
2814,7
8111,
430,6
22626,4 6
2301,4 7
1181,6 9
12415,4
16901,4 6 9
12871,4 6 7
23231,
27599,9
9055,4
27219,6
7566,1 3 8
4053,8
13296,6 7
26616,6
5000,2 5
1500,2 4 5
11416,4 6
17894,4 6
19147,4
14471,0 7
20595,7
23923,
14672,4 6 7
23333,7
19006,6
30439,2 4
29162,1 5
24430,7
4166,4 6
2704,1 8
3832,1
16636,
6202,0 6
30479,0
11995,7
1404,2 4
9428,4
22620,4 6
17336,4 6
11161,4 6
28559,1 4 6
11613,2 4 7
9681,6
29649,1
6376,4
19027,4 6 7
14577,4 9
29495,4
25002,4
13825,7
18702,2 5
17658,6 7
6877,4 6
23529,9
3399,4
17069,4 5
28808,4 6
7031,6
2350,7
19652,4 9
23624,4 6
24271,2 4
10659,6 7
29466,0 4 9
1887,2
24681,1 5
16894,6
24369,4 6
3422,1 4
1960,1 5
14759,5
3843,4
6189,0 6
19413,1 4
8240,3
26722,0
17293,4 6
2489,7
16262,6 9
24038,4
20397,0
6518,4
14523,4
9249,0 4
388,5
8895,6 7
17632,6 7
7239,6
24937,4 6 9
2038,2 6
30413,2 5
23565,6
8504,7
7059,9
7032,4
27581,0
3965,0
22280,4 6
9903,2 4 5
27488,7
12215,0 4 9
13515,6
6097,4 6 7
1281,0
19890,
11228,
26317,2 4
30615,3 4 6
18286,6
14750,4
25675,4
5830,6
4762,4
3621,3 4
8696,4 6
1899,6
15523,2 4 5
10999,4 6
19042,2
22320,4 6
13279,4 6 7
18334,
4523,2 4 6 7
12771,7
23894,4
20784,4
24275,0 4
11118,4 7
30989,8
17159,4
19922,4 6
980,
13524,6 7
28823,4
5310,4
5916,1
16457,
17766,4 6
393,4
21167,0
2513,6
30300,4
14161,1
16280,6
6006,1
5727,0
18647,0 4
22136,0
14585,2 4
16964,4 6 7
13601,4
5435,2 5
29093,5
11249,4 6
3328,6 7
8307,4
16900,4
20329,4 5
1163,6 7
2703,0 4
13094,6 7
4955,4
24647,4
29617,4 6
1798,7
18832,2 4 5
9456,4
25965,4
29710,9
16803,4
26483,6
6532,6
20481,4
2788,6
4385,5
18561,7
16066,3
27585,6 9
22698,4 5 6
26376,0 6
3625,4
23564,2 4 5
25801,6
16311,0
11579,1 4
11428,8
24795,2 4
2130,4
13550,3
15858,0 4
27391,4
5869,4 6 7
10323,6 7
3267,9
30187,4 6 7
11886,8
9293,4 6
10862,4
17464,6
8767,2 4
10389,4
28353,7
30368,6 7
19486,4 6
18183,2 4
13149,6
172,8
20049,
23210,2 4
17008,4 5
15981,4
23024,4 6 7
13877,4 9
6626,6 7 9
13221,4 6 7
27218,7
17090,5
28240,0
8596,4 6 7
20615,6 7
19882,3
6842,2 4 5
27404,6 7
30571,0 4
4698,
29038,4 6
17879,0
4144,7
11620,6
24444,6 7
27801,7
29120,6 7
28690,4
3951,3 4
4119,6 7
29513,6
12636,6
29983,7
14053,2 4
25612,0
3851,5
17988,
7089,6 8
13559,1
1466,2 4 5
7615,
27199,2 4
3028,4
29417,1
15428,5
22915,0
10479,4
23469,4 6
6589,6
24352,6
1746,6
12676,4 6 7
24116,6 8
25602,9
3775,4 6
29633,4 6
29750,2 4
4399,0 4
8246,7
2231,
3645,1 5 6
7158,4 6
5849,3 4
17357,4
6362,4 6
2073,4
25155,0
19501,9
14451,6
15331,2 5
10608,4 8
14024,
2113,
13380,4
16867,4 6
13329,6
14595,3
7759,9
17746,6 8
10547,6 7
350,4 6
5455,2 4 6
23817,2 4
13408,3 4
4907,4
34,0
30825,4
10602,2 4 5 6
10709,6
28128,6 7
3643,2 4 5
1094,4
8465,4
11055,7
2674,2
4527,4 6
28029,6 7
5749,3 4 9
30985,4
20408,
29226,2 4 6
17322,
8086,1 5
27227,4 6
25859,2 6
16278,1 5
30685,6
28312,7
9573,4
19839,4
25747,2 4 5
8628,9
26176,6 9
6774,4
27641,4 6
30499,6 7
19463,8
6258,4 9
7925,4 7
24243,5 8
25671,4
28751,4 5 6
17277,1 5
9966,0 4
22112,4 6
24020,2
27749,4 9
12072,4 6
27252,3
11508,4
27352,6
563,0
29191,
28117,6 7
8966,4
13485,5
16156,
27750,5
28570,4
19240,
22909,0 6
20627,4 6
3320,4
26357,4 6
29332,9
14778,0 6
30197,2 4
25763,4 6 7
2911,0
19368,1 4
7867,9
9179,
4563,8
21387,1
8738,
21560,4
7705,4 6
19659,2 4 5 6
26705,7
28903,4
19118,4 6
21173,4
6515,6 7
7114,2
20027,6 7
11260,4 6
14190,6
25026,4
28323,6 7
4905,4 5
11136,7
10073,4
29518,6 7
6810,4
2548,4 6
27256,4 6
12538,4
28791,4
28362,4 6
21118,7
11785,7
13362,8
18033,5 6
11925,6 7
18662,4
20988,4
20395,6 7
19945,4 9
182,4
18104,4
20688,6
22189,8
8605,4 7
14932,4 6
3340,1 6
19885,4
14058,4 6 7
16682,3
7610,6 7
1182,0 4
24785,0
10050,7
27406,3 6
17144,4
19544,4 5
19174,4 6
5839,4 6 7
29176,4 6
24704,6 7
27123,4 6
26222,4
7087,2 5
5364,6 7
5527,7
7643,9
10164,0 2 4
23883,6 7
6465,6 7
13619,4
4011,
10604,6 7
5780,0
13058,6
29351,6
6968,2 6
26382,5
4312,0 6
1935,4
26263,4
8528,4 6
9685,4
17882,4 6
1701,5
8565,4
25045,4
25479,4
24741,4
2971,2 6
9948,
23313,1
14376,6
13033,4
9534,4 6 7
21656,9
25874,4 6
15105,4
18790,2 4
30037,0 7
14847,6 7
29108,4 5
1771,0 4
22521,6 7
24686,4
5927,0
20543,9
21284,2 5
13025,5
4302,2 4 5
22191,6 8
4156,0
18923,2
2875,0 4
29911,1 5
5243,0 3 4
26858,1
29318,4 6
10371,6
10506,4
28848,2 4 5
503,4 6 7
8233,6
24261,4
13737,9
28126,4 6 7
24280,0
19609,6
8799,4 6
3231,4
7464,6 7
24339,1 5
26085,4
21973,0 6
22976,1 4 8
13799,4 6
18171,3
23387,5
3650,4 6 7
24850,4
26094,6 7
6179,4 6
23477,7
15627,4
3008,4 6
10721,1
24378,
12148,4
3612,8
29476,4
1997,4 7
25402,4
24214,2 6
1184,
2740,7
19691,4 6
26006,6
3860,1 4 6
14241,4
6017,2 4 5
11038,2 4
17417,4
26777,6 7
28514,6 7
18535,4 6
6958,0
7111,6 7
6700,
27807,4
18165,4
9336,4 6
4180,4 6 7
30145,4
839,6 7
3175,2 5
30852,4 6 7
6474,2
27902,
4913,0 6
2750,2 5
7626,4 6
26780,4 5
23461,4
756,4 6
18490,6
1787,4 6
7456,4 6
19579,4 7
26746,6 7
3430,4
22952,
25880,3 4
12176,6
13968,9
28060,4 6
1488,4 6
18391,4
15682,0 4
18595,3 4
16922,3 8
20280,4
13804,
16003,0 3
19586,4 6
21639,8
2727,4 6
24403,4
12164,1 4
7946,6 7
16721,2 5
25785,4 6 7
28131,4
14308,4 6 7
10841,4 6
1291,1 4
19898,6 7
16420,4 6
6400,5
20087,6 7
30501,4 6 7
26477,4
13113,2 4
3926,4
646,1 5
4063,8
30702,0
7715,2
26186,3 4
16786,1
24816,6
4489,4 9
15215,4 7
17560,3 8
26745,2 4
29605,4 6 9
17230,4 7
5791,4
9604,4 6
10567,0 4
605,6
30116,3
13931,4 6
29480,0
1914,3
6585,1 8
5233,0
1818,2
30169,4 7
16464,3 4
22214,4 6 7
8482,8
25776,4
2776,5
23905,6
26387,4 6
3300,8
26643,7
12463,4 6
9904,5 7
1130,9
30600,4 6
112,4 9
27272,4 6
3838,4 9
14303,6 7
16321,4
7477,1
5189,0 3
192,2 4 5
894,4 6
9295,4
30214,2
3985,4 6
19961,3 7
5802,3
8974,4 5 7
7125,4 6
14961,9
27121,0
20159,6
15414,4 6
14363,0
25976,6
24139,6
7664,4 6 7
19134,4 9
7892,6 7
16768,4
12158,
20836,3
13043,6
23300,5
2997,
10133,0
30602,4 6
28425,4
1791,4 6 7
27048,4 6 7
16853,4
9500,3
667,2
788,1 4
12201,2 4 5 7
29193,0 6
19794,4 6
692,
1364,2 4
16660,6
23002,4
2589,3
11524,3
12750,4 9
20743,6 7
12689,4
17421,4 6
3159,7
7251,3 4
18679,1 4
15329,4
29431,2 5 6 7
26869,4
29311,4
11154,4 6 7
29989,6
13690,4
18914,6 7
8451,4 6
14956,0
16703,4
21396,7
14436,4 9
30718,0
12596,4
30748,3
5472,4 6 7
22953,4 6
25255,6
27069,2 4
2086,0
5626,6 7
25227,6 7
15998,
18298,4
2613,4
8199,3 6
12769,
623,6 9
22553,9
16132,0
9281,7
3508,6
25570,1 4
27296,4
28191,4 9
11756,6 7
17117,6 7
13005,2 4
15326,4 6
11646,
16159,0 4 6
25272,4
18638,4
30936,4 6
10275,9
149,4 6 7
19536,0
18582,1 4
26645,6 7
29708,6 7
28416,9
6128,2 5
12602,
8035,6
29263,4
29322,2 4 6
22090,3
19319,4 5
16293,6 7
28872,5 6
23165,6
18742,1 4
24859,4 6 7
237,6 7
20314,0 5
1330,2
5537,2 4 5
15094,6
27693,4 6
12953,1 6
28080,7
23787,4
18860,4
352,3
3925,9
5684,2 4 6
17582,9
671,4
28826,8
17484,7
6525,
27707,3 4
9784,4 7
3219,2 4 5
18630,7
1107,4
23693,0
3365,6 7
5765,3
15861,9
15974,1 4
17521,4 6
17698,8
3747,4 6
7160,4 5
15737,4
18738,8
10196,4 6
7927,0 6
18806,4 7
12941,
15707,6 7
21489,4 6
1902,4 6 7
23288,6 7
12736,4 6 7
16230,4 6
13687,5
4755,4 6 7
19515,4
29744,6 7
12837,0 4
1945,1 2 5
20378,4 6
16582,6 7 9
23810,4
30770,4 6
8407,4 6
7947,9
459,6 7
14830,2 5
14620,
24351,4 6
20492,4
20443,
15656,
27388,4 7
6867,6
10219,4 6
11376,1 4
20953,2 5
7166,4
2760,4
11923,
16392,8
15469,4
10595,4 6
20780,3
12058,4 6
25415,4
2617,4 6
24739,9
2517,4 6
11504,4 6
27477,4 7
14124,6 7
20900,6 7
1853,4
10279,
20,4 7
15118,3 4
2494,4
29782,4
24555,5
13967,6
20405,6 7
1763,6
9570,4
8603,4 6
13893,6
20038,4 6
1440,6
1215,1 4 6 9
28935,4
22490,4 6
12368,4
2147,3
29200,4 6
1612,4 6
16724,2
14301,6 7
26921,9
28377,
29195,4
26974,4
13002,0 6
3176,4 6
20336,4
20753,3 4
29420,4
27357,4
23046,4
8007,0 6
23005,0
5741,6 7
26931,6
16923,1 4 6
2384,6 8
27835,0
26385,9
13614,4 6
16828,4
7458,6
3862,4
4383,4 6 7
26925,4
22124,2 5 6
23997,4 6
21373,4
31031,0
29156,2 4
12470,6
5998,0
7767,5
6691,5
4347,6 7
30003,0
16677,4 6
14349,1 8
28926,4 6
12034,4
25036,6
28623,4 6
10868,4 6
29155,6
26347,5
16373,4
26430,4 6
28497,3 4
7453,4 9
20676,0 2
8538,4 6
2378,9
21832,4 6 7
30927,6
5406,0
24127,4 5
9362,
30103,1 4 8
8392,
14985,3 4
4051,4 6 7
6310,4 6 7
28786,4
13090,6
11500,4 6
7391,4 6
1508,6
22899,4 6
10009,3
204,0
8373,2 5 6
6389,9
4499,4 6 7
12985,7
25787,0 3
25037,4 5
9738,1
27378,5
30007,4
9374,1 4
29857,4 6 7
1736,3
20856,0 4
11129,3
26729,4
19576,4
20229,2 4 5
15340,4 7
23658,
11384,5
15613,1 4
20416,0
3317,6 7
17486,2 6
7607,0
23651,1 6 7
17557,
15281,
21204,4 6 7
15905,4
27489,8
13612,2 3
1679,4 6
22289,6 7
26855,0
29745,4
6902,7
15284,6 7
10932,6 7
17668,0
24925,4
15407,6 7
22087,6
30148,6 7
553,6 7
5872,4
17427,6
21574,6
20522,0
17057,1 5
6952,4 6
14779,4
4860,4 7
30757,3
21235,4
5337,3
15354,4
7826,9
2005,6 7
17671,2
25930,2 5
20623,0 3
21720,6 7
18427,5 7
2584,6
17517,0 6
8292,6 7
20266,
6940,6
6116,
5285,4
6435,4
30306,7
25400,9
15382,4 6
27453,4
14032,4 6 7
12213,3 4
28538,6
23059,7
14717,4 6
1252,9
27179,0
20650,3
22168,0 4 6
14946,4 6
8491,4
9387,7
19341,4 6 7
29024,2
854,6
28929,2 5
24426,9
8187,3 4
17455,7 8
4903,6
22583,6
9370,6 7
30880,3 6
8640,3 4
6081,4
21434,2 4 5 6
806,5
16078,3 4
13906,4
12661,4 6 9
18203,4 7 9
18128,6
884,1 4
23488,2 5
12929,2 4
24535,6
16701,6
16337,4 6
27794,4
20149,7
23716,2 4 6
6432,7
20564,4
16310,1 4
4847,8
5134,4
3885,3
29307,8
16376,4
5172,4
21699,4 6
8736,4
27111,4
23683,4 6
14955,4
1653,2 4
24331,4
16126,4 7
28372,4 6 7
29353,
17224,6 9
13879,3
14794,7 9
13433,6 7
8781,0 4
4361,6
8153,4 6
3121,5 6
19441,9
13411,
4092,2
21074,6 7
26305,4
22474,4
17191,1 4 6
15365,4
21788,4 6
20129,2 4 5
23293,
19489,4
17888,4
5859,2 5
30687,8
9206,3
25510,6
6531,
5267,5
11183,4 6
26063,0 3
4719,4
26850,
17492,0
26324,4 7
28562,6
28114,6
18821,4 9
22453,0
28866,6 7
10052,4
8733,4 9
18070,6 7
2470,4
8734,5
23087,
13735,1
23486,1 6
9005,3
17842,4 7
6271,4 6 7
21838,
23978,5
10694,6 7
7701,6
11015,4
26783,0 4
17167,3
7039,4 9
481,7
25211,1 4 6 9
4707,0
5103,1 4 6 7
12737,2 4
12742,4
28696,5 6
15480,4
7580,2 4
26843,5 6
207,4
25144,6 7
6005,
24972,4
5900,4
14653,4
13892,5
24722,0 6
25181,4
6745,4 6 7
16054,1 4 5
28019,6 7
30215,8
19758,7
12038,7
16161,4 9
10992,1
23713,4 6 7
15639,6
6565,7
10490,8
4301,9
2377,
10086,0
8172,0
23598,4
10818,4 9
4241,6 7
665,4
4577,6
15655,4 6
13278,4
13640,1 5
20379,0
22113,6 7
255,
7433,1 4
10180,4
19108,
20354,0 4 6
23676,0
8269,1 4
4118,4
24543,2
1480,6
1442,2 4 7
29058,4 6
26575,4
11440,5
28561,0 7
28626,1 8
30130,
17961,
20491,7
27355,4
13563,4 6
7936,0 4
323,4
10578,1 4
11351,3
3427,4 6
4240,2 5 6
4002,2 4
27602,6 7
21616,4
11715,5
27905,4 6 7
20026,4 6
1846,6
23144,1 8
10838,4 6
9544,4 6 7
14991,0
10718,4 7
14028,6
27664,4 5
7037,4 9
5663,4 6
30455,3 4 6
1567,4
2323,4 7
23907,
23367,2 9
14152,4 6
27633,4 6
6850,8
17172,4
179,2 4
8223,4 6
10123,3
24621,5 6 7
8066,6
6364,4
12183,4
16929,2 4 5
18736,9
12934,6
22448,3
27981,4 6
27333,4 6
29289,3
5890,4 8
10591,4 9
9448,4 6
9613,3
462,4
27194,4 6
3466,4
23274,0 4
19421,6
4531,2 6
9540,0
9801,6 7
1982,4
7929,6
11696,6
17265,4
12112,5
13168,2 4 5
30289,4 6 7
18034,1
21158,
3904,6
16046,4
12405,7
4629,0
30939,4
23734,2 4
20398,6 7 8
1998,9
16473,6 7
11665,8
2831,7
16313,4 9
8297,4
7985,4 6
30451,4
13546,6
1521,1 5
30854,4 7
14000,0 4
11611,4
1990,1
5640,5
8335,4
20589,6 7
27460,4 6
8779,4
15862,4
27967,7
15109,4
4028,
18411,3
1786,4 6
26400,4 6
20033,1 4
3213,4
1076,0
10411,
12022,6
27943,0
25289,4
11012,4
6073,2 4 7
23806,6 7
26344,6 7
18352,0
3272,4 6
8132,1
26685,
961,6
9039,3
1917,4
16541,4
25127,5
7436,4
18440,2 5
712,6
15388,6
10678,4 6
29533,4
357,2 4
11695,2 5 6
13760,6
21712,7
17835,2
10149,
1905,1 4
16617,4
15517,
21096,6 7
26131,4 6 7
22548,2 4
15703,4 7
1687,3
9155,3
14675,0 4
5572,4
26308,1
9355,4
28754,6 7
23105,4
29856,1 4 6
7591,0 6
24544,0 3
29479,6
20011,6
5499,4
9551,3 8
14092,6 9
12493,1 6 8
25317,6 7
23025,4 6
14865,9
16566,3 4
15957,4
18408,0 3 4
12624,7
2877,6
20396,0
12597,4 6
16399,
16627,6
5982,6
7022,3
6847,4 6
9087,6 7
9195,0
22283,6
9759,6
18619,0 4
4265,4
12370,6 7
15578,4
317,0 2 5
11819,3 4
7784,4
16609,1 6
16410,4
4203,4 7
27098,6 7
5004,7
11405,4
16680,4 6 7
8709,4
15005,4
12280,4
8831,4
1087,5
20779,4
30861,7
11457,4
15956,4
16763,1
5446,6 7
9802,1
5632,6
17761,3
18240,
7543,1 4 5
21374,4
14884,4
19395,4 6
5207,2 4
17505,9
11691,2 6 7
13469,4 6
23736,3 4
26016,0 2 4 6
28703,4
6743,0
23104,4 6
7730,3 4 6
21577,4 6
4392,3
18649,4
14892,4 6
16648,8
22422,4 6
20857,3
9406,4 6 7
20521,7
28149,4
24428,4
4093,4 7
26760,5
15663,4
1395,6
3844,0
10239,4
2399,2 5
24027,4
5017,4 9
27095,4 7
23686,8
4589,4
7339,5
14446,4 6 7
28120,7
15647,0 3
6645,0 6
14984,2 4 7
17923,5
3354,6
19351,6 8
31003,7
6728,2 4 6
13508,4 6
26912,1 4
27964,4
2461,0
14999,1 5
18818,0
26706,6
19203,1
29459,6
27691,2 4
3148,5 6 7
6865,4
28551,4
19083,6 7
17752,9
2341,4 6
16740,6 7
26659,6 7
16233,2 4
5490,4 9
2956,8
27213,4
14260,4
6964,1 4
27950,6
11917,4
24061,4 6
24642,8
12622,
8231,3 4
27026,4 6
10076,4 6
24129,6
7495,4
10964,0 2 5
12621,6 7
19655,7
22001,4
25124,6
16243,2 4
42,6
19517,5
25434,6 8
15511,4 6
5098,1 5
14427,4
4751,4
21117,4 6 7
28503,3 4 6
28232,4
25153,7
9694,9
15373,4
28960,6 7
2123,6
3042,4 5
6296,4 6
1063,1 5
25232,4 6
23307,3 4
17178,0 4
21196,4 6 7
12858,4
13830,1 5
9858,1 5
12900,
9697,4
2820,6
